airbnb_listing_id,adr_vendidas,adr_ofertadas,ocupacao,pickup_13d,adr_fallback,adr,revpan,receita_77n
1977915,1000.0,850.0,0.5064935064935066,0.2830188679245283,False,1000.0,506.4935064935066,39000.00000000001
8287843,800.0,700.0,0.3116883116883117,0.18032786885245902,False,800.0,249.35064935064935,19200.0
11567423,1020.0,920.0,0.37662337662337664,0.09433962264150944,False,1020.0,384.1558441558442,29580.000000000004
12067632,580.0,720.0,0.8181818181818181,0.6666666666666666,False,580.0,474.5454545454545,36540.0
12359560,550.0,550.0,0.8571428571428572,0.7027027027027027,False,550.0,471.42857142857144,36300.0
15500038,625.0,607.0,0.4155844155844156,0.34782608695652173,False,625.0,259.7402597402598,20000.000000000004
15523493,850.0,850.0,0.48051948051948057,0.1836734693877551,False,850.0,408.44155844155847,31450.000000000004
15732070,790.0,790.0,0.5194805194805194,0.4126984126984127,False,790.0,410.38961038961037,31600.0
15909831,790.0,790.0,0.33766233766233766,0.203125,False,790.0,266.75324675324674,20540.0
15934309,830.0,790.0,0.38961038961038963,0.16071428571428573,False,830.0,323.3766233766234,24900.0
16177778,1000.0,860.8,0.012987012987012991,0.012987012987012988,False,1000.0,12.987012987012992,1000.0000000000005
16586622,820.0,790.0,0.5194805194805194,0.4393939393939394,False,820.0,425.97402597402595,32800.0
16618715,790.0,790.0,0.3116883116883117,0.2318840579710145,False,790.0,246.23376623376623,18960.0
16992951,990.0,500.0,0.37662337662337664,0.15789473684210525,False,990.0,372.8571428571429,28710.000000000004
17294276,850.0,850.0,0.961038961038961,0.925,False,850.0,816.8831168831168,62899.99999999999
17570590,1642.5,1428.0,0.4025974025974026,0.11538461538461539,False,1642.5,661.2662337662338,50917.5
18395333,800.0,510.0,0.37662337662337664,0.09433962264150944,False,800.0,301.2987012987013,23200.0
20943549,600.0,400.0,0.4415584415584416,0.1568627450980392,False,600.0,264.93506493506493,20400.0
21091876,900.0,700.0,0.18181818181818177,0.03076923076923077,False,900.0,163.6363636363636,12599.999999999996
21103486,405.0,350.0,0.49350649350649356,0.38095238095238093,False,405.0,199.8701298701299,15390.000000000002
21280090,807.5,850.0,0.4415584415584416,0.0851063829787234,False,807.5,356.5584415584416,27455.000000000004
21324331,667.0,688.0,0.6753246753246753,0.2647058823529412,False,667.0,450.44155844155847,34684.0
21545686,380.0,380.0,0.36363636363636365,0.15517241379310345,False,380.0,138.1818181818182,10640.0
21632405,704.0,408.0,0.48051948051948057,0.08571428571428572,False,704.0,338.28571428571433,26048.000000000004
21662762,165.0,300.0,0.6753246753246753,0.13793103448275862,False,165.0,111.42857142857143,8580.0
21695053,850.0,720.0,0.19480519480519476,0.08823529411764706,False,850.0,165.58441558441555,12749.999999999998
21734892,850.0,813.8,0.4155844155844156,0.16666666666666666,False,850.0,353.24675324675326,27200.0
22191680,500.0,500.0,0.24675324675324672,0.15942028985507245,False,500.0,123.37662337662336,9499.999999999998
22243318,580.0,580.0,0.7402597402597403,0.47368421052631576,False,580.0,429.35064935064935,33060.0
22245880,1616.0,1232.0,0.2857142857142857,0.06,False,1616.0,461.71428571428567,35551.99999999999
22421421,347.0,347.0,0.5844155844155844,0.1111111111111111,False,347.0,202.7922077922078,15615.0
22421606,884.0,361.0,0.5454545454545454,0.125,False,884.0,482.18181818181813,37127.99999999999
22739656,1413.0,1280.0,0.3246753246753247,0.14035087719298245,False,1413.0,458.76623376623377,35325.0
22901902,790.0,700.0,0.1298701298701299,0.12987012987012986,False,790.0,102.59740259740263,7900.000000000003
23343001,700.0,600.0,0.10389610389610393,0.028169014084507043,False,700.0,72.72727272727275,5600.000000000002
26197944,550.0,450.0,0.4285714285714286,0.3090909090909091,False,550.0,235.71428571428572,18150.0
26334990,1200.0,1200.0,0.5584415584415585,0.3584905660377358,False,1200.0,670.1298701298703,51600.00000000001
26570136,800.0,800.0,0.36363636363636365,0.2727272727272727,False,800.0,290.90909090909093,22400.000000000004
26708551,441.0,478.0,0.37662337662337664,0.16666666666666666,False,441.0,166.0909090909091,12789.0
26839303,800.0,813.6,0.5454545454545454,0.14634146341463414,False,800.0,436.3636363636363,33600.0
26895628,1350.0,1100.0,0.6623376623376623,0.13333333333333333,False,1350.0,894.1558441558442,68850.0
27022969,1832.0,1699.0,0.38961038961038963,0.025,False,1832.0,713.7662337662338,54960.0
27201205,1050.0,650.0,0.8181818181818181,0.52,False,1050.0,859.090909090909,66150.0
27704027,887.5,800.0,0.1558441558441559,0.07142857142857142,False,887.5,138.31168831168836,10650.000000000004
27981528,700.0,500.0,0.49350649350649356,0.2222222222222222,False,700.0,345.4545454545455,26600.000000000004
28075525,693.0,400.0,0.8181818181818181,0.5172413793103449,False,693.0,567.0,43659.0
28160414,700.0,700.0,0.4415584415584416,0.0851063829787234,False,700.0,309.0909090909091,23800.000000000004
29008738,700.0,497.0,0.5584415584415585,0.19047619047619047,False,700.0,390.90909090909093,30100.000000000004
29739100,750.0,750.0,0.2857142857142857,0.26666666666666666,False,750.0,214.28571428571428,16500.0
29870406,499.0,980.0,0.2857142857142857,0.2028985507246377,False,499.0,142.57142857142856,10977.999999999998
30032994,710.0,440.0,0.5974025974025974,0.42592592592592593,False,710.0,424.15584415584414,32660.0
30085847,490.0,490.0,0.2987012987012987,0.12903225806451613,False,490.0,146.36363636363635,11269.999999999998
30105402,500.0,900.0,0.051948051948051965,0.05194805194805195,False,500.0,25.974025974025984,2000.000000000001
30153564,437.0,426.0,0.6103896103896104,0.2682926829268293,False,437.0,266.7402597402597,20539.0
30332330,520.0,407.66666,0.5324675324675325,0.21739130434782608,False,520.0,276.88311688311694,21320.000000000004
30402651,549.0,550.0,0.37662337662337664,0.04,False,549.0,206.76623376623377,15921.0
30491733,891.0,882.0,0.5584415584415585,0.3125,False,891.0,497.5714285714286,38313.0
30493854,500.0,450.0,0.5844155844155844,0.21951219512195122,False,500.0,292.2077922077922,22499.999999999996
30494198,520.0,650.0,0.4025974025974026,0.3611111111111111,False,520.0,209.35064935064935,16120.0
30560948,1300.0,919.0,0.3116883116883117,0.18461538461538463,False,1300.0,405.1948051948052,31200.0
30785010,650.0,430.0,0.5324675324675325,0.16279069767441862,False,650.0,346.10389610389615,26650.000000000004
30910938,559.5,450.0,0.48051948051948057,0.047619047619047616,False,559.5,268.8506493506494,20701.500000000004
31059537,861.5,861.5,0.37662337662337664,0.2727272727272727,False,861.5,324.461038961039,24983.5
31380471,1150.0,800.0,0.4415584415584416,0.2833333333333333,False,1150.0,507.7922077922078,39100.0
31530689,700.0,700.0,0.22077922077922074,0.19402985074626866,False,700.0,154.54545454545453,11899.999999999998
31560419,449.0,449.0,0.6363636363636364,0.17647058823529413,False,449.0,285.72727272727275,22001.0
31682871,307.0,290.0,0.5064935064935066,0.07317073170731707,False,307.0,155.49350649350652,11973.000000000002
31859744,570.0,570.0,0.2857142857142857,0.12698412698412698,False,570.0,162.85714285714286,12540.0
31945494,650.0,630.0,0.4545454545454546,0.288135593220339,False,650.0,295.4545454545455,22750.000000000004
32185033,2000.0,1300.0,0.6233766233766234,0.12121212121212122,False,2000.0,1246.7532467532467,96000.0
32371924,740.0,460.0,0.7662337662337663,0.1,False,740.0,567.0129870129871,43660.00000000001
32585103,600.0,600.0,0.6233766233766234,0.3958333333333333,False,600.0,374.025974025974,28799.999999999996
32600458,750.0,600.0,0.6363636363636364,0.3333333333333333,False,750.0,477.27272727272725,36750.0
32606991,536.5,593.0,0.38961038961038963,0.25396825396825395,False,536.5,209.02597402597402,16095.0
32990586,950.0,1026.0,0.3116883116883117,0.2571428571428571,False,950.0,296.1038961038961,22800.0
33336758,320.0,384.0,0.6103896103896104,0.16666666666666666,False,320.0,195.32467532467533,15040.0
34540951,799.0,599.0,0.37662337662337664,0.14285714285714285,False,799.0,300.92207792207796,23171.000000000004
34866449,550.0,462.5,0.4155844155844156,0.22413793103448276,False,550.0,228.57142857142858,17600.0
35481220,700.0,700.0,0.22077922077922074,0.15492957746478872,False,700.0,154.54545454545453,11899.999999999998
36908385,455.0,455.0,0.7532467532467533,0.34782608695652173,False,455.0,342.72727272727275,26390.0
37347085,492.0,492.0,0.038961038961038974,0.013333333333333334,False,492.0,19.168831168831176,1476.0000000000005
37487828,350.0,380.0,0.6233766233766234,0.14705882352941177,False,350.0,218.1818181818182,16800.0
37494985,988.0,925.0,0.1558441558441559,0.015151515151515152,False,988.0,153.97402597402603,11856.000000000005
37708447,1589.0,700.0,0.6753246753246753,0.16666666666666666,False,1589.0,1073.090909090909,82628.0
38262480,1200.0,1200.0,0.6883116883116883,0.1111111111111111,False,1200.0,825.974025974026,63600.0
38514587,882.0,874.625,0.012987012987012991,0.012987012987012988,False,882.0,11.454545454545459,882.0000000000003
38638326,702.0,675.0,0.33766233766233766,0.22727272727272727,False,702.0,237.03896103896105,18252.0
38693604,650.0,650.0,0.48051948051948057,0.43661971830985913,False,650.0,312.3376623376624,24050.000000000004
38695314,820.0,600.0,0.49350649350649356,0.13333333333333333,False,820.0,404.6753246753247,31160.000000000004
38730549,891.0,767.0,0.35064935064935066,0.20634920634920634,False,891.0,312.42857142857144,24057.0
38800430,201.0,350.0,0.8311688311688312,0.6060606060606061,False,201.0,167.06493506493507,12864.0
38957661,830.0,400.0,0.6233766233766234,0.3076923076923077,False,830.0,517.4025974025974,39840.0
38980085,930.0,930.0,0.18181818181818177,0.136986301369863,False,930.0,169.09090909090904,13019.999999999996
39007372,1100.0,1100.0,0.038961038961038974,0.03896103896103896,False,1100.0,42.85714285714287,3300.000000000001
39145712,998.0,996.0,0.7532467532467533,0.42857142857142855,False,998.0,751.7402597402597,57884.0
39394644,1000.0,800.0,0.23376623376623373,0.2236842105263158,False,1000.0,233.76623376623374,17999.999999999996
39629644,600.0,350.0,0.7792207792207793,0.37037037037037035,False,600.0,467.53246753246754,36000.0
39685785,515.0,450.0,0.2987012987012987,0.09433962264150944,False,515.0,153.83116883116884,11845.0
39715668,270.0,240.0,0.4415584415584416,0.16326530612244897,False,270.0,119.22077922077924,9180.000000000002
40023421,649.0,500.0,0.18181818181818177,0.18181818181818182,False,649.0,117.99999999999997,9085.999999999998
40039627,347.0,323.0,0.3116883116883117,0.14516129032258066,False,347.0,108.15584415584415,8328.0
40209404,381.0,329.5,0.2857142857142857,0.018518518518518517,False,381.0,108.85714285714285,8382.0
40250642,1150.0,1100.0,0.1298701298701299,0.056338028169014086,False,1150.0,149.3506493506494,11500.000000000004
40371384,772.0,601.0,0.11688311688311692,0.02857142857142857,False,772.0,90.23376623376626,6948.000000000002
40449599,788.0,580.33335,0.37662337662337664,0.1724137931034483,False,788.0,296.7792207792208,22852.0
40560834,800.0,769.5,0.23376623376623373,0.1917808219178082,False,800.0,187.012987012987,14399.999999999998
40892344,609.0,419.0,0.4675324675324676,0.10869565217391304,False,609.0,284.72727272727275,21924.0
40971559,700.0,800.0,0.6103896103896104,0.13333333333333333,False,700.0,427.27272727272725,32900.0
41193865,420.0,400.0,0.5324675324675325,0.38181818181818183,False,420.0,223.63636363636365,17220.0
41227471,610.0,610.0,0.24675324675324672,0.04918032786885246,False,610.0,150.5194805194805,11590.0
41260111,1672.0,1786.4,0.18181818181818177,0.015873015873015872,False,1672.0,303.99999999999994,23407.999999999996
41285546,332.33334,850.0,0.1428571428571429,0.10810810810810811,False,332.33334,47.47619142857145,3655.6667400000015
41493620,750.0,750.0,0.051948051948051965,0.05194805194805195,False,750.0,38.96103896103897,3000.000000000001
41590719,450.0,450.0,0.33766233766233766,0.1206896551724138,False,450.0,151.94805194805195,11700.0
41702158,1500.0,1200.0,0.7012987012987013,0.36363636363636365,False,1500.0,1051.948051948052,81000.0
41761142,600.0,290.0,0.6753246753246753,0.24242424242424243,False,600.0,405.1948051948052,31200.0
41762297,1618.75,1618.75,0.16883116883116878,0.16883116883116883,False,1618.75,273.29545454545445,21043.749999999993
41769298,1000.0,1000.0,0.37662337662337664,0.29411764705882354,False,1000.0,376.62337662337666,29000.000000000004
42003334,600.0,500.0,0.33766233766233766,0.07272727272727272,False,600.0,202.5974025974026,15600.0
42335961,830.0,800.0,0.4155844155844156,0.3835616438356164,False,830.0,344.935064935065,26560.000000000004
42704327,1901.8333,1798.0,0.19480519480519476,0.06666666666666667,False,1901.8333,370.4870064935064,28527.49949999999
42709234,989.0,420.0,0.10389610389610393,0.1568627450980392,False,989.0,102.75324675324678,7912.000000000003
42841323,563.0,505.0,0.8051948051948052,0.2857142857142857,False,563.0,453.32467532467535,34906.0
43754654,895.0,895.0,0.11688311688311692,0.08108108108108109,False,895.0,104.61038961038965,8055.000000000003
45531969,650.0,650.0,0.8441558441558441,0.84375,False,650.0,548.7012987012987,42250.0
45768161,900.0,900.0,0.2597402597402597,0.13636363636363635,False,900.0,233.76623376623374,17999.999999999996
45803876,450.0,450.0,0.48051948051948057,0.375,False,450.0,216.23376623376626,16650.000000000004
45822839,540.0,540.0,0.4155844155844156,0.23728813559322035,False,540.0,224.41558441558442,17280.0
45911573,1100.0,1100.0,0.7272727272727273,0.4666666666666667,False,1100.0,800.0,61600.0
45911990,560.0,560.0,0.961038961038961,0.8846153846153846,False,560.0,538.1818181818181,41439.99999999999
45973790,669.83335,660.0,0.051948051948051965,0.05194805194805195,False,669.83335,34.79653766233768,2679.3334000000013
46036384,312.5,335.0,0.4675324675324676,0.075,False,312.5,146.10389610389612,11250.000000000002
46048925,1100.0,900.0,0.2597402597402597,0.18571428571428572,False,1100.0,285.71428571428567,21999.999999999996
46072703,920.0,687.0,0.6233766233766234,0.17142857142857143,False,920.0,573.5064935064935,44160.0
46088002,648.0,648.0,0.4415584415584416,0.25862068965517243,False,648.0,286.12987012987014,22032.0
46116173,300.0,344.75,0.7792207792207793,0.15,False,300.0,233.76623376623377,18000.0
46220279,697.0,697.0,0.3246753246753247,0.2571428571428571,False,697.0,226.2987012987013,17425.0
46298558,700.0,490.0,0.5324675324675325,0.10810810810810811,False,700.0,372.72727272727275,28700.0
46598066,1100.0,1100.0,0.22077922077922074,0.15492957746478872,False,1100.0,242.8571428571428,18699.999999999996
46678933,800.0,750.0,0.18181818181818177,0.18181818181818182,False,800.0,145.4545454545454,11199.999999999996
46710652,666.0,550.0,0.3116883116883117,0.07017543859649122,False,666.0,207.58441558441558,15984.0
46724379,599.0,599.0,0.3246753246753247,0.3246753246753247,False,599.0,194.4805194805195,14975.0
46769078,1392.0,988.0,0.1428571428571429,0.014925373134328358,False,1392.0,198.85714285714292,15312.000000000005
46878566,450.0,500.0,0.19480519480519476,0.08823529411764706,False,450.0,87.66233766233765,6749.999999999999
46896012,706.4,668.0,0.4545454545454546,0.2,False,706.4,321.0909090909091,24724.000000000004
46990438,549.1,600.0,0.2987012987012987,0.1,False,549.1,164.01688311688312,12629.300000000001
47006355,592.0,592.0,0.5064935064935066,0.22448979591836735,False,592.0,299.84415584415586,23088.0
47052262,595.0,358.5,0.2987012987012987,0.021739130434782608,False,595.0,177.72727272727272,13685.0
47172145,700.0,700.0,0.38961038961038963,0.17543859649122806,False,700.0,272.72727272727275,21000.0
47254288,600.0,450.0,0.3116883116883117,0.08620689655172414,False,600.0,187.012987012987,14399.999999999998
47325492,731.25,700.0,0.1558441558441559,0.13333333333333333,False,731.25,113.961038961039,8775.000000000002
47326216,1200.0,1200.0,0.18181818181818177,0.11267605633802817,False,1200.0,218.18181818181813,16799.999999999996
47558531,900.0,900.0,0.06493506493506496,0.05263157894736842,False,900.0,58.44155844155846,4500.000000000002
47783121,405.0,450.0,0.5974025974025974,0.18421052631578946,False,405.0,241.94805194805193,18630.0
48080102,1000.0,450.0,0.6623376623376623,0.32142857142857145,False,1000.0,662.3376623376623,51000.0
48158176,412.5,390.0,0.7012987012987013,0.14814814814814814,False,412.5,289.2857142857143,22275.0
48243472,1494.625,1529.0,0.37662337662337664,0.13333333333333333,False,1494.625,562.9107142857143,43344.12500000001
48254075,509.0,509.0,0.8571428571428572,0.45,False,509.0,436.28571428571433,33594.00000000001
48699117,800.0,380.0,0.6103896103896104,0.16666666666666666,False,800.0,488.3116883116883,37600.0
48848529,1290.0,1000.0,0.1298701298701299,0.06944444444444445,False,1290.0,167.5324675324676,12900.000000000005
48941838,370.0,370.0,0.5844155844155844,0.13513513513513514,False,370.0,216.23376623376623,16650.0
49123621,407.75,900.0,0.16883116883116878,0.13513513513513514,False,407.75,68.84090909090907,5300.749999999998
49824103,650.0,398.0,0.6753246753246753,0.24242424242424243,False,650.0,438.961038961039,33800.0
49968308,700.0,700.0,0.9090909090909091,0.7916666666666666,False,700.0,636.3636363636364,49000.0
50047341,543.5,300.0,0.8051948051948052,0.3181818181818182,False,543.5,437.62337662337666,33697.0
50059423,700.0,543.75,0.7792207792207793,0.43333333333333335,False,700.0,545.4545454545455,42000.0
50958684,1290.0,920.0,0.3246753246753247,0.07142857142857142,False,1290.0,418.83116883116884,32250.0
51453135,700.0,750.0,0.4675324675324676,0.453125,False,700.0,327.2727272727273,25200.000000000004
52059007,1000.0,915.5714,0.10389610389610393,0.1038961038961039,False,1000.0,103.89610389610394,8000.000000000004
52214716,1757.0,1657.0,0.19480519480519476,0.015873015873015872,False,1757.0,342.2727272727272,26354.999999999993
52266549,700.0,700.0,0.4675324675324676,0.3548387096774194,False,700.0,327.2727272727273,25200.000000000004
52354467,787.0,623.5,0.5194805194805194,0.3148148148148148,False,787.0,408.8311688311688,31479.999999999996
52596621,1289.0,1213.25,0.09090909090909094,0.09090909090909091,False,1289.0,117.18181818181822,9023.000000000002
52619006,500.0,480.0,0.5454545454545454,0.3333333333333333,False,500.0,272.7272727272727,20999.999999999996
52650644,800.0,750.0,0.35064935064935066,0.10714285714285714,False,800.0,280.5194805194805,21600.0
52758042,2750.0,3000.0,0.025974025974025983,0.025974025974025976,False,2750.0,71.42857142857146,5500.000000000003
52969803,385.0,350.0,0.38961038961038963,0.16071428571428573,False,385.0,150.0,11550.0
53008127,450.0,220.0,0.5194805194805194,0.0975609756097561,False,450.0,233.76623376623374,17999.999999999996
53113087,700.0,700.0,0.5584415584415585,0.20930232558139536,False,700.0,390.90909090909093,30100.000000000004
53133732,895.0,887.33335,0.24675324675324672,0.14705882352941177,False,895.0,220.8441558441558,17004.999999999996
53154219,711.0,589.6667,0.1558441558441559,0.1095890410958904,False,711.0,110.80519480519484,8532.000000000004
53175731,1199.0,1199.0,0.012987012987012991,0.012987012987012988,False,1199.0,15.571428571428577,1199.0000000000005
53280496,380.0,380.0,0.8311688311688312,0.38095238095238093,False,380.0,315.84415584415586,24320.0
53314692,520.0,537.1667,0.49350649350649356,0.15217391304347827,False,520.0,256.62337662337666,19760.000000000004
53325047,600.0,450.0,0.5194805194805194,0.1956521739130435,False,600.0,311.68831168831167,24000.0
53340772,400.0,445.0,0.4155844155844156,0.18181818181818182,False,400.0,166.23376623376623,12800.0
53445765,360.0,400.0,0.5064935064935066,0.13636363636363635,False,360.0,182.33766233766235,14040.000000000002
53458717,410.0,386.66667,0.5584415584415585,0.19047619047619047,False,410.0,228.96103896103898,17630.0
53474066,720.0,850.0,0.6883116883116883,0.04,False,720.0,495.5844155844156,38160.0
53717416,715.0,644.0,0.4025974025974026,0.25806451612903225,False,715.0,287.8571428571429,22165.000000000004
53733977,390.0,360.0,0.7142857142857143,0.35294117647058826,False,390.0,278.57142857142856,21450.0
53794321,899.0,749.0,0.4545454545454546,0.32786885245901637,False,899.0,408.6363636363637,31465.000000000004
53825192,633.0,633.0,0.7662337662337663,0.5813953488372093,False,633.0,485.02597402597405,37347.0
53893648,700.0,550.0,0.5064935064935066,0.09523809523809523,False,700.0,354.54545454545456,27300.0
53903158,1128.0,1090.0,0.3116883116883117,0.03636363636363636,False,1128.0,351.5844155844156,27072.0
53915734,550.0,513.0,0.4155844155844156,0.296875,False,550.0,228.57142857142858,17600.0
53972959,899.0,899.0,0.5584415584415585,0.423728813559322,False,899.0,502.03896103896113,38657.00000000001
53973724,689.0,589.0,0.4155844155844156,0.25,False,689.0,286.3376623376624,22048.000000000004
54167570,1400.0,1400.0,0.16883116883116878,0.05084745762711865,False,1400.0,236.3636363636363,18199.999999999993
54287612,790.0,372.0,0.5324675324675325,0.2653061224489796,False,790.0,420.6493506493507,32390.000000000004
525472560929976068,1090.0,1090.0,0.1558441558441559,0.07692307692307693,False,1090.0,169.87012987012992,13080.000000000004
549056203343531816,650.0,650.0,0.8051948051948052,0.6216216216216216,False,650.0,523.3766233766235,40300.00000000001
580407424598756855,290.0,365.0,0.8181818181818181,0.36363636363636365,False,290.0,237.27272727272725,18270.0
605748852048435444,565.0,450.0,0.4155844155844156,0.0425531914893617,False,565.0,234.80519480519482,18080.0
613221032690703355,550.0,810.0,0.7012987012987013,0.5853658536585366,False,550.0,385.7142857142857,29700.0
618943952389206201,700.0,400.0,0.2597402597402597,0.12307692307692308,False,700.0,181.8181818181818,14000.0
629724091250673746,575.0,546.16665,0.5064935064935066,0.38636363636363635,False,575.0,291.2337662337663,22425.000000000004
667324814851452653,850.0,900.0,0.36363636363636365,0.07547169811320754,False,850.0,309.0909090909091,23800.000000000004
668715506986619718,750.0,750.0,0.7012987012987013,0.4523809523809524,False,750.0,525.974025974026,40500.0
670778657683556451,1215.0,976.0,0.6623376623376623,0.36585365853658536,False,1215.0,804.7402597402597,61965.0
673825002694927178,960.0,920.0,0.5974025974025974,0.2619047619047619,False,960.0,573.5064935064935,44160.0
673826204715344716,933.125,1058.0,0.6753246753246753,0.5283018867924528,False,933.125,630.1623376623377,48522.5
674566887638611404,650.0,600.0,0.6233766233766234,0.06451612903225806,False,650.0,405.1948051948052,31200.0
678242953903453952,550.0,350.0,0.5194805194805194,0.05128205128205128,False,550.0,285.71428571428567,21999.999999999996
681894806923375678,648.0,648.0,0.6233766233766234,0.2564102564102564,False,648.0,403.94805194805195,31104.0
684782448665574114,650.0,650.0,0.49350649350649356,0.15217391304347827,False,650.0,320.7792207792208,24700.0
693024169316156606,560.5,562.0,0.48051948051948057,0.09090909090909091,False,560.5,269.33116883116884,20738.5
703527486074504582,398.0,337.5,0.3116883116883117,0.1320754716981132,False,398.0,124.05194805194805,9552.0
703538637731385185,420.0,412.0,0.3246753246753247,0.16129032258064516,False,420.0,136.36363636363637,10500.0
721635424816164605,765.0,740.0,0.5064935064935066,0.15555555555555556,False,765.0,387.4675324675325,29835.000000000004
730553947980169722,730.0,900.0,0.5584415584415585,0.46875,False,730.0,407.66233766233773,31390.000000000007
734774611454860165,625.0,625.0,0.5064935064935066,0.24,False,625.0,316.5584415584416,24375.000000000004
744210382596366805,550.0,500.0,0.5974025974025974,0.24390243902439024,False,550.0,328.57142857142856,25300.0
746451645715267085,1000.0,900.0,0.025974025974025983,0.025974025974025976,False,1000.0,25.974025974025984,2000.000000000001
753461577197808016,1150.0,980.0,0.23376623376623373,0.11940298507462686,False,1150.0,268.8311688311688,20699.999999999996
753566944813003124,579.0,550.0,0.18181818181818177,0.22950819672131148,False,579.0,105.27272727272724,8105.999999999997
754375397775403281,790.0,876.6,0.09090909090909094,0.0410958904109589,False,790.0,71.81818181818184,5530.000000000002
756997201912524343,850.0,850.0,0.1298701298701299,0.12987012987012986,False,850.0,110.38961038961043,8500.000000000004
762112217871324562,600.0,600.0,0.6883116883116883,0.48936170212765956,False,600.0,412.987012987013,31800.0
762916089194134311,1000.0,1000.0,0.012987012987012991,0.012987012987012988,False,1000.0,12.987012987012992,1000.0000000000005
766788707373767791,750.0,520.0,0.7142857142857143,0.18518518518518517,False,750.0,535.7142857142858,41250.00000000001
767407262472265686,1000.0,900.0,0.2597402597402597,0.05,False,1000.0,259.7402597402597,20000.0
769009482417170004,600.0,600.0,0.4675324675324676,0.32786885245901637,False,600.0,280.51948051948057,21600.000000000004
772261416620745030,885.0,825.0,0.22077922077922074,0.09090909090909091,False,885.0,195.38961038961037,15044.999999999998
778933432062496662,1250.0,1150.0,0.2727272727272727,0.017543859649122806,False,1250.0,340.9090909090909,26249.999999999996
782548209247570691,887.5,700.0,0.5194805194805194,0.075,False,887.5,461.038961038961,35500.0
783879004243392314,963.5,902.5,0.2597402597402597,0.14925373134328357,False,963.5,250.25974025974023,19269.999999999996
785658004981722606,690.0,690.0,0.2597402597402597,0.19718309859154928,False,690.0,179.2207792207792,13799.999999999998
786307999394390316,600.0,550.0,0.49350649350649356,0.30357142857142855,False,600.0,296.10389610389615,22800.000000000004
786807324710664147,850.0,850.0,0.5844155844155844,0.21951219512195122,False,850.0,496.75324675324674,38250.0
787195284335262595,700.0,550.0,0.48051948051948057,0.24528301886792453,False,700.0,336.3636363636364,25900.0
787847078680683474,700.0,330.0,0.5064935064935066,0.05,False,700.0,354.54545454545456,27300.0
790431243381422888,1100.0,1000.0,0.012987012987012991,0.012987012987012988,False,1100.0,14.28571428571429,1100.0000000000002
790518755885066166,880.0,750.0,0.5714285714285714,0.08571428571428572,False,880.0,502.85714285714283,38720.0
790752171303746450,750.0,750.0,0.19480519480519476,0.11428571428571428,False,750.0,146.10389610389606,11249.999999999996
792096103347120988,450.0,500.0,0.6883116883116883,0.660377358490566,False,450.0,309.7402597402597,23850.0
792184367926408145,495.0,440.0,0.5194805194805194,0.1590909090909091,False,495.0,257.1428571428571,19799.999999999996
794710559970994170,500.0,512.5,0.7142857142857143,0.5925925925925926,False,500.0,357.14285714285717,27500.000000000004
795495744056169046,1000.0,850.0,0.5974025974025974,0.40384615384615385,False,1000.0,597.4025974025974,46000.0
796481545034280714,700.0,650.0,0.23376623376623373,0.016666666666666666,False,700.0,163.63636363636363,12600.0
797261187302809924,755.5,500.0,0.2987012987012987,0.1,False,755.5,225.66883116883116,17376.5
798475021925579344,300.0,300.0,0.6753246753246753,0.4791666666666667,False,300.0,202.5974025974026,15600.0
799251513158018593,675.2,500.0,0.5194805194805194,0.1956521739130435,False,675.2,350.75324675324674,27008.0
800942299109284552,387.0,300.0,0.5844155844155844,0.3333333333333333,False,387.0,226.16883116883116,17415.0
801271167231006592,251.5,250.0,0.7402597402597403,0.23076923076923078,False,251.5,186.17532467532467,14335.5
801611117719633492,550.0,550.0,0.4415584415584416,0.18867924528301888,False,550.0,242.8571428571429,18700.000000000004
802047490248101970,262.0,250.0,0.7272727272727273,0.25,False,262.0,190.54545454545456,14672.000000000002
805726391815686158,499.0,350.0,0.5324675324675325,0.12195121951219512,False,499.0,265.70129870129875,20459.000000000004
806702099486447309,800.0,500.0,0.4025974025974026,0.14814814814814814,False,800.0,322.0779220779221,24800.0
807400945391416643,450.0,450.0,0.8961038961038961,0.6923076923076923,False,450.0,403.24675324675326,31050.0
811053746893495263,590.0,400.0,0.4155844155844156,0.1346153846153846,False,590.0,245.1948051948052,18880.0
812231708820863156,498.0,499.83333,0.6753246753246753,0.4791666666666667,False,498.0,336.31168831168833,25896.0
816613605644920543,2500.0,2100.0,0.11688311688311692,0.014492753623188406,False,2500.0,292.2077922077923,22500.000000000007
821574780923920105,700.0,600.0,0.6103896103896104,0.25,False,700.0,427.27272727272725,32900.0
821920276390293366,650.0,650.0,0.5714285714285714,0.175,False,650.0,371.4285714285714,28599.999999999996
822365439954007216,950.0,520.0,0.4415584415584416,0.3064516129032258,False,950.0,419.4805194805195,32300.0
826063757882656916,850.0,516.0,0.22077922077922074,0.03225806451612903,False,850.0,187.66233766233762,14449.999999999996
826617189908528565,405.0,400.0,0.5454545454545454,0.3137254901960784,False,405.0,220.9090909090909,17010.0
832123000813215722,685.0,530.0,0.16883116883116878,0.1232876712328767,False,685.0,115.64935064935061,8904.999999999996
836385234465202348,1040.0,1040.0,0.5714285714285714,0.3409090909090909,False,1040.0,594.2857142857142,45759.99999999999
837646263953285868,546.0,505.0,0.4285714285714286,0.2037037037037037,False,546.0,234.00000000000003,18018.000000000004
840525492567265584,1500.0,1173.0,0.6363636363636364,0.15151515151515152,False,1500.0,954.5454545454545,73500.0
841394344184198064,600.0,600.0,0.6493506493506493,0.12903225806451613,False,600.0,389.61038961038963,30000.0
850931966820064700,720.0,720.0,0.6623376623376623,0.4222222222222222,False,720.0,476.8831168831169,36720.0
873125740517449213,495.0,446.0,0.37662337662337664,0.29411764705882354,False,495.0,186.42857142857144,14355.000000000002
873255393900331818,825.0,825.0,0.2597402597402597,0.12307692307692308,False,825.0,214.28571428571428,16500.0
881204142086821328,670.0,670.0,0.5194805194805194,0.3148148148148148,False,670.0,348.05194805194805,26800.0
892721989592935461,650.0,350.0,0.5194805194805194,0.02631578947368421,False,650.0,337.6623376623376,25999.999999999996
894985131313802009,668.5,635.5,0.35064935064935066,0.07407407407407407,False,668.5,234.4090909090909,18049.5
900757690500508426,795.0,795.0,0.8181818181818181,0.7391304347826086,False,795.0,650.4545454545454,50084.99999999999
904512525045117852,700.0,700.0,0.6103896103896104,0.09090909090909091,False,700.0,427.27272727272725,32900.0
910815231577364751,375.0,500.0,0.6753246753246753,0.4318181818181818,False,375.0,253.24675324675326,19500.0
913929715874853789,999.0,934.0,0.5064935064935066,0.2692307692307692,False,999.0,505.98701298701303,38961.0
923133320997277084,550.0,550.0,0.5194805194805194,0.25,False,550.0,285.71428571428567,21999.999999999996
929120660817262874,749.0,699.0,0.06493506493506496,0.06493506493506493,False,749.0,48.636363636363654,3745.0000000000014
936216057908307884,402.5,392.0,0.38961038961038963,0.22950819672131148,False,402.5,156.8181818181818,12075.0
939698664229028471,400.0,300.0,0.6753246753246753,0.15384615384615385,False,400.0,270.12987012987014,20800.0
944320965810800803,950.0,900.0,0.09090909090909094,0.0410958904109589,False,950.0,86.36363636363639,6650.000000000002
946609581890906389,405.0,405.0,0.8051948051948052,0.4827586206896552,False,405.0,326.10389610389615,25110.000000000004
956676934234107014,716.0,612.0,0.8181818181818181,0.4166666666666667,False,716.0,585.8181818181818,45107.99999999999
964579064376617710,880.0,784.0,0.35064935064935066,0.16666666666666666,False,880.0,308.57142857142856,23760.0
966687088388761169,900.0,850.0,0.038961038961038974,0.03896103896103896,False,900.0,35.06493506493508,2700.000000000001
978095320445301654,945.0,900.0,0.23376623376623373,0.10606060606060606,False,945.0,220.90909090909088,17009.999999999996
978244263452010977,680.0,580.0,0.5324675324675325,0.02702702702702703,False,680.0,362.0779220779221,27880.0
980310639590708922,606.5,594.0,0.2987012987012987,0.2894736842105263,False,606.5,181.16233766233765,13949.499999999998
983188724209547131,427.0,1000.0,0.19480519480519476,0.016129032258064516,False,427.0,83.18181818181816,6404.999999999998
986407426689940399,300.0,300.0,0.6883116883116883,0.22580645161290322,False,300.0,206.4935064935065,15900.0
991407580891691701,715.0,627.0,0.4675324675324676,0.22641509433962265,False,715.0,334.28571428571433,25740.000000000004
999226382307972271,180.0,500.0,0.09090909090909094,0.014084507042253521,False,180.0,16.36363636363637,1260.0000000000005
1002785860497857801,800.0,700.0,0.33766233766233766,0.22727272727272727,False,800.0,270.12987012987014,20800.0
1004910078575857573,750.0,750.0,0.7532467532467533,0.2692307692307692,False,750.0,564.9350649350649,43500.0
1005860682746801029,403.0,385.0,0.3246753246753247,0.14754098360655737,False,403.0,130.84415584415584,10075.0
1006396584243125090,431.75,601.0,0.24675324675324672,0.14705882352941177,False,431.75,106.53571428571428,8203.25
1008029204257210230,315.0,324.0,0.3116883116883117,0.234375,False,315.0,98.18181818181817,7559.999999999999
1011115904222911872,850.0,700.0,0.2727272727272727,0.1111111111111111,False,850.0,231.8181818181818,17850.0
1019453731090411731,522.0,522.0,0.3246753246753247,0.2676056338028169,False,522.0,169.4805194805195,13050.0
1023885231203292759,635.0,505.0,0.2727272727272727,0.15151515151515152,False,635.0,173.18181818181816,13334.999999999998
1025356251415331533,375.0,350.0,0.7662337662337663,0.25,False,375.0,287.3376623376623,22125.0
1034873975277447845,1020.0,784.0,0.5194805194805194,0.2127659574468085,False,1020.0,529.8701298701299,40800.0
1037047027853581998,890.0,890.0,0.8831168831168831,0.7692307692307693,False,890.0,785.974025974026,60520.0
1039235354309448898,200.0,200.0,0.36363636363636365,0.234375,False,200.0,72.72727272727273,5600.000000000001
1042032092670718662,495.0,402.0,0.7402597402597403,0.16666666666666666,False,495.0,366.42857142857144,28215.0
1044458170286255125,1100.0,1100.0,0.5194805194805194,0.17777777777777778,False,1100.0,571.4285714285713,43999.99999999999
1046547202929220520,450.0,450.0,0.4545454545454546,0.06666666666666667,False,450.0,204.54545454545456,15750.000000000002
1048804459244346908,675.0,700.0,0.2727272727272727,0.15151515151515152,False,675.0,184.09090909090907,14174.999999999998
1052110098791057231,592.5,575.0,0.8961038961038961,0.7894736842105263,False,592.5,530.9415584415584,40882.5
1053522951026570547,779.0,750.0,0.33766233766233766,0.29577464788732394,False,779.0,263.038961038961,20254.0
1054265461023254222,700.0,500.0,0.37662337662337664,0.1346153846153846,False,700.0,263.6363636363636,20300.0
1055163452693752832,590.0,500.0,0.2597402597402597,0.0196078431372549,False,590.0,153.24675324675323,11799.999999999998
1056816282920055514,540.0,540.0,0.4415584415584416,0.21818181818181817,False,540.0,238.44155844155847,18360.000000000004
1056827534457537585,399.0,399.0,0.1558441558441559,0.15584415584415584,False,399.0,62.1818181818182,4788.000000000002
1057137469420115073,825.0,575.0,0.2857142857142857,0.12727272727272726,False,825.0,235.7142857142857,18150.0
1060712994513047104,477.66666,427.0,0.4155844155844156,0.25,False,477.66666,198.51081974025973,15285.33312
1062221285605590578,700.0,500.0,0.3246753246753247,0.1746031746031746,False,700.0,227.27272727272728,17500.0
1062615116593634676,400.0,400.0,0.5974025974025974,0.38,False,400.0,238.96103896103895,18400.0
1063807278503566143,585.0,493.0,0.5064935064935066,0.32142857142857145,False,585.0,296.29870129870136,22815.000000000004
1066545050089987954,500.0,400.0,0.2857142857142857,0.16363636363636364,False,500.0,142.85714285714286,11000.0
1074031328011239995,2000.0,2000.0,0.012987012987012991,0.012987012987012988,False,2000.0,25.974025974025984,2000.000000000001
1100720037663116812,792.0,1178.0,0.3116883116883117,0.08695652173913043,False,792.0,246.85714285714286,19008.0
1100991386372756521,750.0,800.0,0.012987012987012991,0.012987012987012988,False,750.0,9.740259740259743,750.0000000000002
1111626053814730010,825.0,575.0,0.36363636363636365,0.125,False,825.0,300.0,23100.0
1131810056799937593,941.0,753.0,0.24675324675324672,0.13432835820895522,False,941.0,232.19480519480516,17878.999999999996
1139831117529014384,640.0,610.0,0.16883116883116878,0.05970149253731343,False,640.0,108.05194805194802,8319.999999999998
1147824179020677628,633.0,418.0,0.6233766233766234,0.19444444444444445,False,633.0,394.5974025974026,30384.0
1161927707286622818,260.0,250.0,0.7272727272727273,0.2,False,260.0,189.0909090909091,14560.0
1173260792743932663,1407.5,1162.0,0.5974025974025974,0.14285714285714285,False,1407.5,840.8441558441558,64745.0
1179103047052148475,627.0,627.0,0.7142857142857143,0.3333333333333333,False,627.0,447.8571428571429,34485.0
1181933658424522281,366.0,373.0,0.33766233766233766,0.1774193548387097,False,366.0,123.58441558441558,9516.0
1181944920258781413,364.5,372.0,0.20779220779220775,0.11594202898550725,False,364.5,75.74025974025973,5831.999999999999
1181971107577983158,334.0,372.0,0.2857142857142857,0.15873015873015872,False,334.0,95.42857142857142,7347.999999999999
1182018398755268829,990.0,663.5,0.38961038961038963,0.16071428571428573,False,990.0,385.7142857142857,29700.0
1182028381058524086,607.0,607.0,0.7532467532467533,0.6730769230769231,False,607.0,457.22077922077926,35206.0
1182040498646675653,891.0,644.0,0.48051948051948057,0.24528301886792453,False,891.0,428.14285714285717,32967.0
1182043782165637473,539.0,617.0,0.24675324675324672,0.03333333333333333,False,539.0,132.99999999999997,10240.999999999998
1182070530301053205,674.0,627.0,0.4545454545454546,0.3114754098360656,False,674.0,306.3636363636364,23590.0
1184152596221501552,628.5,607.0,0.22077922077922074,0.11475409836065574,False,628.5,138.75974025974023,10684.499999999998
1187558666042801587,732.0,596.0,0.35064935064935066,0.1346153846153846,False,732.0,256.6753246753247,19764.000000000004
1187772975255244525,495.0,382.0,0.36363636363636365,0.07547169811320754,False,495.0,180.0,13860.0
1188323084225041810,674.0,627.0,0.3246753246753247,0.10344827586206896,False,674.0,218.83116883116884,16850.0
1188339469325210376,674.0,627.0,0.3116883116883117,0.08620689655172414,False,674.0,210.07792207792207,16176.0
1188476386889166335,617.75,607.0,0.35064935064935066,0.2222222222222222,False,617.75,216.61363636363637,16679.25
1189331897618015345,842.0,792.0,0.37662337662337664,0.323943661971831,False,842.0,317.1168831168831,24418.0
1191261348067720296,891.0,644.0,0.38961038961038963,0.09615384615384616,False,891.0,347.14285714285717,26730.000000000004
1191386301072209798,782.0,627.0,0.24675324675324672,0.05555555555555555,False,782.0,192.96103896103895,14858.0
1192836728602105901,714.5,607.0,0.22077922077922074,0.03571428571428571,False,714.5,157.74675324675323,12146.499999999998
1193347652334673191,1025.0,1025.0,0.4155844155844156,0.21052631578947367,False,1025.0,425.974025974026,32800.0
1193414131980072087,896.5,632.41665,0.4545454545454546,0.16,False,896.5,407.50000000000006,31377.500000000004
1193496259129259761,833.5,796.0,0.19480519480519476,0.1388888888888889,False,833.5,162.37012987012983,12502.499999999996
1195858349379362032,1030.0,1070.0,0.5064935064935066,0.22448979591836735,False,1030.0,521.6883116883117,40170.0
1197121947398131654,396.0,382.0,0.5324675324675325,0.3793103448275862,False,396.0,210.8571428571429,16236.000000000002
1197195878719681680,366.0,374.5,0.35064935064935066,0.18032786885245902,False,366.0,128.33766233766235,9882.000000000002
1199996219082185363,300.0,200.0,0.4285714285714286,0.2,False,300.0,128.57142857142858,9900.000000000002
1203075817950465589,1400.0,1400.0,0.8181818181818181,0.7586206896551724,False,1400.0,1145.4545454545453,88199.99999999999
1203140233522044896,546.8,506.0,0.22077922077922074,0.1044776119402985,False,546.8,120.72207792207789,9295.599999999997
1207335703563012811,475.0,427.0,0.22077922077922074,0.09090909090909091,False,475.0,104.87012987012986,8074.999999999999
1207338410880339003,427.0,427.0,0.10389610389610393,0.041666666666666664,False,427.0,44.36363636363638,3416.0000000000014
1207383031689344642,800.0,800.0,0.2987012987012987,0.01818181818181818,False,800.0,238.96103896103895,18400.0
1207864392976162235,650.0,600.0,0.22077922077922074,0.22077922077922077,False,650.0,143.50649350649348,11049.999999999998
1207881809440158991,427.0,427.0,0.11688311688311692,0.11688311688311688,False,427.0,49.90909090909093,3843.0000000000014
1207940918769840398,369.5,382.0,0.2987012987012987,0.14285714285714285,False,369.5,110.37012987012987,8498.5
1207992119242235910,330.0,372.0,0.23376623376623373,0.19444444444444445,False,330.0,77.14285714285714,5940.0
1208718899534488031,427.0,427.0,0.20779220779220775,0.19736842105263158,False,427.0,88.7272727272727,6831.999999999998
1208735754877396448,427.0,427.0,0.2857142857142857,0.1791044776119403,False,427.0,122.0,9394.0
1208746927423730353,366.0,373.0,0.24675324675324672,0.09375,False,366.0,90.3116883116883,6953.999999999999
1208757710030861160,330.0,372.0,0.37662337662337664,0.3424657534246575,False,330.0,124.28571428571429,9570.0
1208757855935244741,352.0,374.25,0.36363636363636365,0.25757575757575757,False,352.0,128.0,9856.0
1214464056304542513,802.0,713.0,0.22077922077922074,0.203125,False,802.0,177.06493506493504,13633.999999999998
1216602433904805187,674.0,607.0,0.36363636363636365,0.29411764705882354,False,674.0,245.0909090909091,18872.0
1219597802580113056,607.0,607.0,0.36363636363636365,0.2222222222222222,False,607.0,220.72727272727272,16996.0
1219655958873769070,802.0,713.0,0.3116883116883117,0.2698412698412698,False,802.0,249.97402597402598,19248.0
1226846054624436877,842.0,801.0,0.2987012987012987,0.28378378378378377,False,842.0,251.50649350649348,19366.0
1226856286781952840,842.0,796.0,0.2857142857142857,0.21428571428571427,False,842.0,240.57142857142856,18524.0
1233370107101543516,397.0,376.0,0.6233766233766234,0.3695652173913043,False,397.0,247.48051948051946,19056.0
1233973103621276698,430.0,397.0,0.49350649350649356,0.2909090909090909,False,430.0,212.20779220779224,16340.000000000002
1233994658216308874,376.0,376.0,0.5584415584415585,0.2608695652173913,False,376.0,209.974025974026,16168.000000000002
1234084273027568746,502.0,376.0,0.5194805194805194,0.17777777777777778,False,502.0,260.77922077922074,20079.999999999996
1242713378625026725,674.0,674.0,0.2857142857142857,0.19402985074626866,False,674.0,192.57142857142856,14827.999999999998
1248514191377483703,550.0,495.0,0.2727272727272727,0.2,False,550.0,150.0,11550.0
1249385754807434824,674.0,607.0,0.36363636363636365,0.234375,False,674.0,245.0909090909091,18872.0
1249919049392818339,627.0,545.0,0.22077922077922074,0.13043478260869565,False,627.0,138.42857142857142,10658.999999999998
1257312272803306995,605.0,545.0,0.23376623376623373,0.10606060606060606,False,605.0,141.42857142857142,10889.999999999998
1259534245145609058,352.0,374.5,0.48051948051948057,0.1111111111111111,False,352.0,169.14285714285717,13024.000000000002
1260073533686146608,396.0,374.5,0.36363636363636365,0.20967741935483872,False,396.0,144.0,11088.0
1262982199583014782,868.0,741.5,0.19480519480519476,0.11666666666666667,False,868.0,169.09090909090907,13019.999999999998
1263128865886946817,674.0,607.0,0.19480519480519476,0.19480519480519481,False,674.0,131.29870129870127,10109.999999999998
1265161823691467042,674.0,674.0,0.2857142857142857,0.1791044776119403,False,674.0,192.57142857142856,14827.999999999998
1265295313956605287,379.5,372.0,0.23376623376623373,0.06349206349206349,False,379.5,88.71428571428571,6830.999999999999
1265370363028714118,382.0,381.5,0.4025974025974026,0.31343283582089554,False,382.0,153.7922077922078,11842.0
1269623861253689862,396.0,396.0,0.4285714285714286,0.13725490196078433,False,396.0,169.71428571428572,13068.0
1269636598524749154,366.0,373.25,0.36363636363636365,0.20967741935483872,False,366.0,133.0909090909091,10248.0
1272537775161574422,607.5,525.5,0.48051948051948057,0.047619047619047616,False,607.5,291.9155844155844,22477.5
1274055523929375490,594.0,545.0,0.2857142857142857,0.19117647058823528,False,594.0,169.7142857142857,13067.999999999998
1274533646308060247,660.5,644.0,0.1298701298701299,0.06944444444444445,False,660.5,85.77922077922081,6605.000000000002
1274679812745645557,674.0,607.0,0.2987012987012987,0.2602739726027397,False,674.0,201.32467532467533,15502.0
1282577030741754149,403.0,382.0,0.3116883116883117,0.03636363636363636,False,403.0,125.6103896103896,9672.0
1283982403734255309,792.0,607.0,0.37662337662337664,0.09433962264150944,False,792.0,298.2857142857143,22968.0
1284110666632259028,701.0,601.0,0.23376623376623373,0.05263157894736842,False,701.0,163.87012987012986,12618.0
1285538056394050628,990.0,1213.0,0.10389610389610393,0.08,False,990.0,102.85714285714289,7920.000000000003
1292815457899461748,782.0,658.3333,0.49350649350649356,0.38181818181818183,False,782.0,385.92207792207796,29716.000000000004
1297930390704189766,575.0,545.0,0.2727272727272727,0.2,False,575.0,156.8181818181818,12075.0
1297930815921503919,1033.0,941.0,0.22077922077922074,0.03225806451612903,False,1033.0,228.064935064935,17560.999999999996
1303745304497797235,802.0,742.5,0.2727272727272727,0.17647058823529413,False,802.0,218.72727272727272,16842.0
1304403734260231676,743.0,693.0,0.2987012987012987,0.2987012987012987,False,743.0,221.93506493506493,17089.0
1307990676918354925,641.0,607.0,0.1558441558441559,0.057971014492753624,False,641.0,99.89610389610392,7692.000000000002
1312949509621922876,715.0,663.0,0.2987012987012987,0.20588235294117646,False,715.0,213.57142857142856,16445.0
1313064371372817918,1100.0,1100.0,0.10389610389610393,0.0547945205479452,False,1100.0,114.28571428571432,8800.000000000002
1315954985293478319,845.0,1056.0,0.10389610389610393,0.1038961038961039,False,845.0,87.79220779220782,6760.000000000002
1320994692912931266,865.0,858.0,0.1558441558441559,0.15584415584415584,False,865.0,134.80519480519484,10380.000000000004
1320995339425720277,621.25,607.0,0.4675324675324676,0.36923076923076925,False,621.25,290.4545454545455,22365.000000000004
1321134786322096510,634.0,634.0,0.33766233766233766,0.3108108108108108,False,634.0,214.07792207792207,16484.0
3263701,,1650.0,0.7142857142857143,0.0,True,1650.0,1178.5714285714287,90750.00000000001
6569062,,750.0,0.0,0.0,True,750.0,0.0,0.0
8838629,,780.0,0.2857142857142857,0.0,True,780.0,222.85714285714283,17159.999999999996
12931525,,400.0,0.5974025974025974,0.0,True,400.0,238.96103896103895,18400.0
14884678,,595.0,0.6363636363636364,0.0,True,595.0,378.6363636363636,29155.0
15549803,,490.0,0.6363636363636364,0.0,True,490.0,311.8181818181818,24010.0
15754075,,600.0,0.5194805194805194,0.0,True,600.0,311.68831168831167,24000.0
16017693,,910.0,0.5324675324675325,0.0,True,910.0,484.5454545454546,37310.00000000001
16105751,,250.0,0.7402597402597403,0.0,True,250.0,185.06493506493507,14250.0
16253828,,1600.0,0.22077922077922074,0.0,True,1600.0,353.2467532467532,27199.999999999996
16321793,,450.0,0.24675324675324672,0.0,True,450.0,111.03896103896102,8549.999999999998
16662563,,1728.0,0.19480519480519476,0.0,True,1728.0,336.62337662337654,25919.999999999993
20618105,,650.0,0.49350649350649356,0.0,True,650.0,320.7792207792208,24700.0
21025393,,750.0,0.7142857142857143,0.0,True,750.0,535.7142857142858,41250.00000000001
21295667,,505.66666,0.49350649350649356,0.0,True,505.66666,249.5497802597403,19215.333080000004
21397811,,612.5,0.24675324675324672,0.0,True,612.5,151.13636363636363,11637.5
21552865,,750.0,0.6493506493506493,0.0,True,750.0,487.012987012987,37500.0
22047595,,620.0,0.4025974025974026,0.0,True,620.0,249.61038961038963,19220.0
22190101,,250.0,0.5844155844155844,0.0,True,250.0,146.1038961038961,11249.999999999998
22810332,,480.0,0.33766233766233766,0.0,True,480.0,162.07792207792207,12480.0
23023313,,650.0,0.2857142857142857,0.0,True,650.0,185.7142857142857,14299.999999999998
25165914,,700.0,0.07792207792207795,0.0,True,700.0,54.54545454545456,4200.000000000001
26026295,,390.0,0.7142857142857143,0.0,True,390.0,278.57142857142856,21450.0
28071688,,550.0,0.6233766233766234,0.0,True,550.0,342.85714285714283,26399.999999999996
28366360,,1000.0,0.24675324675324672,0.0,True,1000.0,246.7532467532467,18999.999999999996
28410850,,494.0,0.18181818181818177,0.0,True,494.0,89.8181818181818,6915.999999999998
29114516,,400.0,0.7142857142857143,0.0,True,400.0,285.7142857142857,22000.0
29800671,,646.0,0.20779220779220775,0.0,True,646.0,134.2337662337662,10335.999999999998
31055581,,415.0,0.2857142857142857,0.0,True,415.0,118.57142857142857,9130.0
31284638,,990.0,0.6493506493506493,0.0,True,990.0,642.8571428571429,49500.0
31441134,,1500.0,0.0,0.0,True,1500.0,0.0,0.0
31543199,,700.0,0.6103896103896104,0.0,True,700.0,427.27272727272725,32900.0
32486859,,899.0,0.5064935064935066,0.0,True,899.0,455.3376623376624,35061.0
32592683,,1000.0,0.4545454545454546,0.0,True,1000.0,454.54545454545456,35000.0
34218930,,898.0,0.4155844155844156,0.0,True,898.0,373.1948051948052,28736.0
36632832,,534.375,0.2727272727272727,0.0,True,534.375,145.73863636363635,11221.874999999998
37118794,,1000.0,0.37662337662337664,0.0,True,1000.0,376.62337662337666,29000.000000000004
38319706,,690.0,0.1558441558441559,0.0,True,690.0,107.53246753246756,8280.000000000002
38447436,,1127.0,0.0,0.0,True,1127.0,0.0,0.0
38852725,,450.0,0.37662337662337664,0.0,True,450.0,169.4805194805195,13050.0
38899673,,694.3333,0.1558441558441559,0.0,True,694.3333,108.20778701298705,8331.999600000003
39051477,,1500.0,0.0,0.0,True,1500.0,0.0,0.0
39109062,,1454.3333,0.22077922077922074,0.0,True,1454.3333,321.08657272727265,24723.666099999995
39363955,,450.0,0.4415584415584416,0.0,True,450.0,198.70129870129873,15300.000000000002
39414948,,520.0,0.35064935064935066,0.0,True,520.0,182.33766233766235,14040.000000000002
39420557,,800.0,0.5714285714285714,0.0,True,800.0,457.1428571428571,35200.0
39507664,,303.75,0.6233766233766234,0.0,True,303.75,189.35064935064935,14580.0
39583346,,700.0,0.5194805194805194,0.0,True,700.0,363.6363636363636,28000.0
39972515,,323.0,0.4155844155844156,0.0,True,323.0,134.23376623376623,10336.0
40246675,,350.0,0.6103896103896104,0.0,True,350.0,213.63636363636363,16450.0
40342798,,700.0,0.1298701298701299,0.0,True,700.0,90.90909090909093,7000.000000000002
40351988,,333.0,0.4285714285714286,0.0,True,333.0,142.71428571428572,10989.0
41147466,,565.0,0.5974025974025974,0.0,True,565.0,337.53246753246754,25990.0
41404141,,690.0,0.2987012987012987,0.0,True,690.0,206.1038961038961,15869.999999999998
41532894,,960.0,0.2727272727272727,0.0,True,960.0,261.8181818181818,20160.0
41676390,,600.0,0.012987012987012991,0.0,True,600.0,7.792207792207795,600.0000000000002
42362925,,999.0,0.24675324675324672,0.0,True,999.0,246.50649350649348,18981.0
42588365,,480.0,0.5974025974025974,0.0,True,480.0,286.75324675324674,22080.0
42625075,,1000.0,0.4285714285714286,0.0,True,1000.0,428.5714285714286,33000.0
43712530,,701.0,0.7272727272727273,0.0,True,701.0,509.8181818181818,39256.0
45350304,,1040.0,0.1558441558441559,0.0,True,1040.0,162.07792207792212,12480.000000000004
45621607,,354.35715,0.2597402597402597,0.0,True,354.35715,92.04081818181817,7087.142999999999
45726200,,1590.0,0.5454545454545454,0.0,True,1590.0,867.2727272727273,66780.0
45889892,,595.0,0.4285714285714286,0.0,True,595.0,255.00000000000003,19635.000000000004
45923984,,300.0,0.7402597402597403,0.0,True,300.0,222.0779220779221,17100.0
46327705,,950.0,0.48051948051948057,0.0,True,950.0,456.4935064935065,35150.0
46451253,,440.0,0.2597402597402597,0.0,True,440.0,114.28571428571428,8800.0
46530405,,984.0,0.10389610389610393,0.0,True,984.0,102.23376623376626,7872.000000000002
46550767,,800.0,0.38961038961038963,0.0,True,800.0,311.6883116883117,24000.000000000004
46866680,,450.0,0.4155844155844156,0.0,True,450.0,187.01298701298703,14400.000000000002
47000276,,500.0,0.6363636363636364,0.0,True,500.0,318.1818181818182,24500.0
47213093,,290.5,0.7142857142857143,0.0,True,290.5,207.5,15977.5
47260862,,475.0,0.6103896103896104,0.0,True,475.0,289.93506493506493,22325.0
47891397,,570.0,0.19480519480519476,0.0,True,570.0,111.03896103896102,8549.999999999998
47909482,,1064.8572,0.3116883116883117,0.0,True,1064.8572,331.90354285714284,25556.572799999998
48109229,,480.0,0.23376623376623373,0.0,True,480.0,112.2077922077922,8639.999999999998
49050392,,700.0,0.4025974025974026,0.0,True,700.0,281.8181818181818,21700.0
51405106,,1000.0,0.22077922077922074,0.0,True,1000.0,220.77922077922074,16999.999999999996
51669111,,800.0,0.038961038961038974,0.0,True,800.0,31.16883116883118,2400.000000000001
51683537,,413.5,0.7142857142857143,0.0,True,413.5,295.3571428571429,22742.500000000004
51785337,,324.75,0.4545454545454546,0.0,True,324.75,147.61363636363637,11366.25
51825638,,650.0,0.22077922077922074,0.0,True,650.0,143.50649350649348,11049.999999999998
51866473,,700.0,0.5974025974025974,0.0,True,700.0,418.1818181818182,32200.0
52172003,,317.0,0.6363636363636364,0.0,True,317.0,201.72727272727272,15533.0
52346232,,1000.0,0.38961038961038963,0.0,True,1000.0,389.61038961038963,30000.0
52348108,,400.0,0.6233766233766234,0.0,True,400.0,249.35064935064935,19200.0
52530322,,464.5625,0.22077922077922074,0.0,True,464.5625,102.56574675324674,7897.562499999999
52646204,,899.0,0.3246753246753247,0.0,True,899.0,291.8831168831169,22475.0
53195241,,1990.0,0.11688311688311692,0.0,True,1990.0,232.59740259740266,17910.000000000004
53240300,,990.0,0.20779220779220775,0.0,True,990.0,205.71428571428567,15839.999999999996
53337464,,850.0,0.025974025974025983,0.0,True,850.0,22.077922077922086,1700.0000000000007
53448627,,475.0,0.6623376623376623,0.0,True,475.0,314.61038961038963,24225.0
53581602,,500.0,0.2597402597402597,0.0,True,500.0,129.87012987012986,10000.0
53645678,,770.0,0.38961038961038963,0.0,True,770.0,300.0,23100.0
53669499,,810.0,0.23376623376623373,0.0,True,810.0,189.35064935064932,14579.999999999998
53738511,,466.0,0.16883116883116878,0.0,True,466.0,78.67532467532465,6057.999999999998
53803935,,613.0,0.6623376623376623,0.0,True,613.0,406.012987012987,31263.0
53914255,,390.0,0.5714285714285714,0.0,True,390.0,222.85714285714283,17159.999999999996
53936201,,691.25,0.6233766233766234,0.0,True,691.25,430.9090909090909,33180.0
54245203,,578.0,0.7012987012987013,0.0,True,578.0,405.35064935064935,31212.0
54246694,,800.0,0.025974025974025983,0.0,True,800.0,20.779220779220786,1600.0000000000005
573122310094338767,,550.0,0.5714285714285714,0.0,True,550.0,314.2857142857143,24200.0
577333685681759877,,498.0,0.6103896103896104,0.0,True,498.0,303.97402597402595,23405.999999999996
577547502503396579,,650.0,0.38961038961038963,0.0,True,650.0,253.24675324675326,19500.0
610155932497817911,,518.0,0.1558441558441559,0.0,True,518.0,80.72727272727275,6216.000000000002
612245203931813020,,950.0,0.35064935064935066,0.0,True,950.0,333.1168831168831,25650.0
627388721154300829,,550.0,0.7142857142857143,0.0,True,550.0,392.8571428571429,30250.000000000004
633809099013662442,,450.0,0.5974025974025974,0.0,True,450.0,268.83116883116884,20700.0
673826267743797671,,704.0,0.6493506493506493,0.0,True,704.0,457.1428571428571,35200.0
675242237586865339,,465.0,0.2597402597402597,0.0,True,465.0,120.77922077922076,9299.999999999998
679166677359467385,,937.0,0.1558441558441559,0.0,True,937.0,146.02597402597408,11244.000000000004
687757820659405525,,550.0,0.06493506493506496,0.0,True,550.0,35.71428571428573,2750.0000000000014
705946468067026302,,550.0,0.36363636363636365,0.0,True,550.0,200.0,15400.0
708045427082372124,,1250.0,0.0,0.0,True,1250.0,0.0,0.0
719355891470345652,,500.0,0.16883116883116878,0.0,True,500.0,84.41558441558439,6499.999999999998
725867973010290782,,500.0,0.35064935064935066,0.0,True,500.0,175.32467532467533,13500.0
730437501239201082,,774.0,0.09090909090909094,0.0,True,774.0,70.36363636363639,5418.000000000002
735732850757918650,,950.0,0.6753246753246753,0.0,True,950.0,641.5584415584416,49400.0
739015384619300207,,1604.0,0.24675324675324672,0.0,True,1604.0,395.79220779220776,30475.999999999996
748336742434217963,,450.0,0.6103896103896104,0.0,True,450.0,274.67532467532465,21149.999999999996
754141022905987471,,800.0,0.1428571428571429,0.0,True,800.0,114.28571428571432,8800.000000000002
754796838418506202,,700.0,0.2987012987012987,0.0,True,700.0,209.0909090909091,16100.0
766052072199682693,,550.0,0.4415584415584416,0.0,True,550.0,242.8571428571429,18700.000000000004
770131545986036241,,900.0,0.24675324675324672,0.0,True,900.0,222.07792207792204,17099.999999999996
771111761043546355,,557.0,0.19480519480519476,0.0,True,557.0,108.50649350649348,8354.999999999998
782734966853311782,,655.5,0.1558441558441559,0.0,True,655.5,102.15584415584419,7866.000000000003
802357806571870530,,680.0,0.4675324675324676,0.0,True,680.0,317.92207792207796,24480.000000000004
815806026505024003,,900.0,0.5714285714285714,0.0,True,900.0,514.2857142857142,39599.99999999999
831740758559247685,,800.0,0.5584415584415585,0.0,True,800.0,446.7532467532468,34400.0
844864653127085626,,1063.0,0.22077922077922074,0.0,True,1063.0,234.68831168831164,18070.999999999996
850675824952359571,,802.0,0.1428571428571429,0.0,True,802.0,114.57142857142861,8822.000000000004
859653300578357102,,702.0,0.2597402597402597,0.0,True,702.0,182.33766233766232,14039.999999999998
871084107630048364,,450.0,0.48051948051948057,0.0,True,450.0,216.23376623376626,16650.000000000004
906701409648697471,,598.0,0.4415584415584416,0.0,True,598.0,264.05194805194805,20332.0
911476333007658783,,200.0,0.4545454545454546,0.0,True,200.0,90.90909090909092,7000.000000000001
916052715744473224,,1150.0,0.48051948051948057,0.0,True,1150.0,552.5974025974026,42550.0
939325387438995809,,1200.0,0.2987012987012987,0.0,True,1200.0,358.4415584415584,27599.999999999996
956398979498945273,,500.0,0.5974025974025974,0.0,True,500.0,298.7012987012987,23000.0
957349094500016515,,699.0,0.11688311688311692,0.0,True,699.0,81.70129870129873,6291.000000000002
963040775940890055,,743.0,0.1428571428571429,0.0,True,743.0,106.14285714285718,8173.000000000003
963916345061155113,,1460.0,0.5454545454545454,0.0,True,1460.0,796.3636363636363,61319.99999999999
965310801955633109,,500.0,0.36363636363636365,0.0,True,500.0,181.8181818181818,14000.0
968213956640500474,,554.25,0.09090909090909094,0.0,True,554.25,50.386363636363654,3879.7500000000014
984846668146064982,,975.0,0.37662337662337664,0.0,True,975.0,367.20779220779224,28275.000000000004
985716714802993034,,280.0,0.5584415584415585,0.0,True,280.0,156.36363636363637,12040.0
986245345084467584,,900.0,0.06493506493506496,0.0,True,900.0,58.44155844155846,4500.000000000002
995680028058206783,,3500.0,0.09090909090909094,0.0,True,3500.0,318.1818181818183,24500.00000000001
1004496327455456339,,385.5,0.1428571428571429,0.0,True,385.5,55.07142857142859,4240.500000000002
1005958896607152946,,240.0,0.3116883116883117,0.0,True,240.0,74.8051948051948,5760.0
1014245162199655907,,600.0,0.5844155844155844,0.0,True,600.0,350.64935064935065,27000.0
1015691857467598452,,1296.0,0.2857142857142857,0.0,True,1296.0,370.2857142857143,28512.0
1030981527494824971,,250.0,0.6753246753246753,0.0,True,250.0,168.83116883116884,13000.0
1031938290013047428,,644.0,0.1428571428571429,0.0,True,644.0,92.00000000000003,7084.000000000002
1035628196408986358,,1178.0,0.6233766233766234,0.0,True,1178.0,734.3376623376623,56544.0
1045459185575382038,,630.0,0.025974025974025983,0.0,True,630.0,16.36363636363637,1260.0000000000005
1045520246239520927,,942.8571,0.1298701298701299,0.0,True,942.8571,122.44897402597405,9428.571000000002
1045916135727198441,,650.0,0.4155844155844156,0.0,True,650.0,270.12987012987014,20800.0
1047723626454445067,,1750.0,0.0,0.0,True,1750.0,0.0,0.0
1050857413300266721,,545.0,0.2987012987012987,0.0,True,545.0,162.7922077922078,12535.0
1052490589225547467,,715.75,0.3116883116883117,0.0,True,715.75,223.0909090909091,17178.0
1053851019443958006,,620.0,0.012987012987012991,0.0,True,620.0,8.051948051948054,620.0000000000002
1057964852411462810,,300.0,0.18181818181818177,0.0,True,300.0,54.54545454545453,4199.999999999999
1058193595817353204,,400.0,0.5844155844155844,0.0,True,400.0,233.76623376623377,18000.0
1067320906990424780,,545.0,0.38961038961038963,0.0,True,545.0,212.33766233766235,16350.000000000002
1081972140987250431,,594.0,0.36363636363636365,0.0,True,594.0,216.0,16632.0
1083301106167776779,,530.0,0.7402597402597403,0.0,True,530.0,392.3376623376623,30210.0
1085437829031467755,,608.5833,0.5974025974025974,0.0,True,608.5833,363.56924415584416,27994.8318
1125970477826966385,,627.0,0.33766233766233766,0.0,True,627.0,211.71428571428572,16302.0
1137698308528017474,,644.0,0.49350649350649356,0.0,True,644.0,317.81818181818187,24472.000000000004
1153493820067017135,,397.5,0.4415584415584416,0.0,True,397.5,175.51948051948054,13515.000000000002
1153552657765472365,,354.25,0.7272727272727273,0.0,True,354.25,257.6363636363636,19838.0
1163772289534164479,,1705.0,0.37662337662337664,0.0,True,1705.0,642.1428571428572,49445.00000000001
1174263938200349649,,500.0,0.038961038961038974,0.0,True,500.0,19.480519480519487,1500.0000000000005
1183418487997408853,,627.0,0.36363636363636365,0.0,True,627.0,228.0,17556.0
1187061700423806804,,627.0,0.23376623376623373,0.0,True,627.0,146.57142857142856,11285.999999999998
1198703061430420363,,400.0,0.6623376623376623,0.0,True,400.0,264.93506493506493,20400.0
1208704132667695539,,607.0,0.0,0.0,True,607.0,0.0,0.0
1213824251801309412,,941.0,0.2727272727272727,0.0,True,941.0,256.6363636363636,19761.0
1238321506456103932,,812.625,0.19480519480519476,0.0,True,812.625,158.3035714285714,12189.374999999996
1249371220066552412,,601.0,0.2857142857142857,0.0,True,601.0,171.7142857142857,13221.999999999998
1254384361135492137,,653.0,0.1298701298701299,0.0,True,653.0,84.80519480519483,6530.000000000002
1280559161534348023,,627.0,0.07792207792207795,0.0,True,627.0,48.857142857142875,3762.0000000000014
1282585098065467787,,374.5,0.35064935064935066,0.0,True,374.5,131.3181818181818,10111.5
1304433283397417052,,993.0,0.33766233766233766,0.0,True,993.0,335.2987012987013,25818.0
1321022086036905023,,858.0,0.09090909090909094,0.0,True,858.0,78.00000000000003,6006.000000000002
